{"cameraMode":{"drawMode":0,"name":"Shaded","section":"Shading Mode"},"sceneLighting":true,"audioPlay":false,"sceneViewState":{"showFog":true,"showMaterialUpdate":false,"showSkybox":false,"showFlares":true,"showImageEffects":true,"showParticleSystems":true,"showVisualEffectGraphs":true,"m_FxEnabled":true},"in2DMode":false,"pivot":{"x":-0.9060933589935303,"y":0.005683417897671461,"z":-0.6461327075958252},"rotation":{"x":-0.24365460872650147,"y":0.1842956691980362,"z":-0.047195740044116977,"w":-0.9510033130645752},"size":7.72178316116333,"orthographic":false}